{
  "admin": {
    "username": "admin",
    "password": "admin123"
  },
  "branches": [
    {
      "id": 1,
      "name": "karthi",
      "login": "karthi vijayawada",
      "password": "karthi@2025",
      "commissionRate": 0.02
    },
    {
      "id": 2,
      "name": "karthi",
      "login": "karthi",
      "password": "karthi"
    },
    {
      "id": 3,
      "name": "RAJAHMUNDRY",
      "login": "CHANDURJY",
      "password": "1234567890",
      "commissionRateCash": 0.0155,
      "commissionRateBill": 0.019,
      "ownerName": "CHANDU VENKATESH",
      "phone": "9010000713",
      "email": "TILAKKUMAR@GMAIL.COM",
      "address": {
        "line1": "RAJAHMUNDRY",
        "line2": "",
        "city": "RAJAHMUNDRY",
        "state": "ANDHRA PRADESH",
        "pincode": "533101"
      }
    }
  ],
  "users": [],
  "payments": [
    {
      "id": 1,
      "amount": 200,
      "type": "card",
      "userId": null,
      "branchId": 2,
      "client": {
        "name": "karthi",
        "phone": "9154845469"
      },
      "card": {
        "brand": "CARD",
        "last4": "5678"
      },
      "status": "success",
      "createdAt": "2025-12-13T17:13:00.609Z"
    },
    {
      "id": 2,
      "amount": 2000,
      "type": "cash",
      "userId": null,
      "branchId": 2,
      "client": {
        "name": "karthi",
        "phone": "9154845469"
      },
      "card": null,
      "status": "success",
      "createdAt": "2025-12-13T17:18:55.444Z"
    },
    {
      "id": 3,
      "amount": 500,
      "type": "cash",
      "userId": null,
      "branchId": 2,
      "client": {
        "name": "kala",
        "phone": "8885490495"
      },
      "card": null,
      "status": "success",
      "createdAt": "2025-12-13T17:44:39.821Z"
    },
    {
      "id": 4,
      "amount": 100000,
      "type": "cash",
      "commissionType": null,
      "userId": null,
      "branchId": 3,
      "client": {
        "name": "TILAK",
        "phone": "9010000713"
      },
      "card": {
        "brand": "CARD",
        "first4": "1234",
        "last4": "1122",
        "expiry": "12-25"
      },
      "cardDetails": {
        "bankName": "ICICI",
        "dueDate": "",
        "totalBill": 0,
        "paid": 0,
        "needToPay": 0,
        "swiped": 100000,
        "holdAmount": 0,
        "charges": "",
        "chargesAmount": 0,
        "amountSent": 1000,
        "receiverBankName": "KARTHI",
        "receiverAccount": "123456789",
        "receiverIfsc": "HDFC000"
      },
      "status": "success",
      "createdAt": "2025-12-14T11:09:30.319Z"
    },
    {
      "id": 5,
      "amount": 100000,
      "type": "card",
      "commissionType": "card_to_cash",
      "userId": null,
      "branchId": 3,
      "client": {
        "name": "TILAK",
        "phone": "9010000713"
      },
      "card": {
        "brand": "CARD",
        "first4": "1234",
        "last4": "1122",
        "expiry": "12-25"
      },
      "cardDetails": {
        "bankName": "ICICI",
        "dueDate": "",
        "totalBill": 0,
        "paid": 0,
        "needToPay": 0,
        "swiped": 100000,
        "holdAmount": 0,
        "charges": "",
        "chargesAmount": 0,
        "amountSent": 1000,
        "receiverBankName": "KARTHI",
        "receiverAccount": "123456789",
        "receiverIfsc": "HDFC000"
      },
      "status": "success",
      "createdAt": "2025-12-14T11:13:26.500Z"
    }
  ]
}